id,attendanceId,userId,yearMonth,day,startTime,endDateTime,restStartTime,restEndTime,deleteFlag,updateTime,addTime
1,1,1,202108,1,10:00:00,2021/08/01 19:00:00,2021/08/01 13:00:00,2021/08/01 14:00:00,FALSE,2021/08/01 23:59:59,2021/08/01 23:59:60
2,2,1,202108,2,10:00:01,2021/08/02 19:00:01,2021/08/01 13:00:01,2021/08/01 14:00:01,FALSE,2021/08/01 23:59:59,2021/08/01 00:00:00
3,3,1,202108,3,10:00:02,2021/08/03 19:00:02,2021/08/01 13:00:02,2021/08/01 14:00:02,FALSE,2021/08/01 23:59:59,2021/08/01 00:00:00
4,4,1,202108,4,10:00:03,2021/08/04 19:00:03,2021/08/01 13:00:02,2021/08/01 14:00:02,FALSE,2021/08/01 23:59:59,2021/08/01 00:00:00
5,5,1,202108,5,10:00:04,2021/08/05 19:00:04,2021/08/01 13:00:02,2021/08/01 14:00:02,FALSE,2021/08/01 23:59:59,2021/08/01 00:00:00
6,6,1,202108,6,10:00:05,2021/08/06 19:00:05,2021/08/01 13:00:02,2021/08/01 14:00:02,FALSE,2021/08/01 23:59:59,2021/08/01 00:00:00
7,7,1,202108,7,10:00:06,2021/08/07 19:00:06,2021/08/01 13:00:02,2021/08/01 14:00:02,FALSE,2021/08/01 23:59:59,2021/08/01 00:00:00
8,8,1,202108,8,10:00:07,2021/08/08 19:00:07,2021/08/01 13:00:02,2021/08/01 14:00:02,FALSE,2021/08/01 23:59:59,2021/08/01 00:00:00
9,9,1,202108,9,10:00:08,2021/08/09 19:00:08,2021/08/01 13:00:02,2021/08/01 14:00:02,FALSE,2021/08/01 23:59:59,2021/08/01 00:00:00
10,10,1,202108,10,10:00:09,2021/08/10 19:00:09,2021/08/01 13:00:02,2021/08/01 14:00:02,FALSE,2021/08/01 23:59:59,2021/08/01 00:00:00
11,11,1,202108,11,10:00:10,2021/08/11 19:00:10,2021/08/01 13:00:02,2021/08/01 14:00:02,FALSE,2021/08/01 23:59:59,2021/08/01 00:00:00
12,12,1,202108,12,10:00:11,2021/08/12 19:00:11,2021/08/01 13:00:02,2021/08/01 14:00:02,FALSE,2021/08/01 23:59:59,2021/08/01 00:00:00
13,13,1,202108,13,10:00:12,2021/08/13 19:00:12,2021/08/01 13:00:02,2021/08/01 14:00:02,FALSE,2021/08/01 23:59:59,2021/08/01 00:00:00
14,14,1,202108,14,10:00:13,2021/08/14 19:00:13,2021/08/01 13:00:02,2021/08/01 14:00:02,FALSE,2021/08/01 23:59:59,2021/08/01 00:00:00
15,15,1,202108,15,10:00:14,2021/08/15 19:00:14,2021/08/01 13:00:02,2021/08/01 14:00:02,FALSE,2021/08/01 23:59:59,2021/08/01 00:00:00
16,16,1,202108,16,10:00:15,2021/08/16 19:00:15,2021/08/01 13:00:02,2021/08/01 14:00:02,FALSE,2021/08/01 23:59:59,2021/08/01 00:00:00
17,17,1,202108,17,10:00:16,2021/08/17 19:00:16,2021/08/01 13:00:02,2021/08/01 14:00:02,FALSE,2021/08/01 23:59:59,2021/08/01 00:00:00
18,18,1,202108,18,10:00:17,2021/08/18 19:00:17,2021/08/01 13:00:02,2021/08/01 14:00:02,FALSE,2021/08/01 23:59:59,2021/08/01 00:00:00
19,19,1,202108,19,10:00:18,2021/08/19 19:00:18,2021/08/01 13:00:02,2021/08/01 14:00:02,FALSE,2021/08/01 23:59:59,2021/08/01 00:00:00
20,20,1,202108,20,10:00:19,2021/08/20 19:00:19,2021/08/01 13:00:02,2021/08/01 14:00:02,FALSE,2021/08/01 23:59:59,2021/08/01 00:00:00
21,21,1,202108,21,10:00:20,2021/08/21 19:00:19,2021/08/01 13:00:02,2021/08/01 14:00:02,FALSE,2021/08/01 23:59:59,2021/08/01 00:00:00
22,22,1,202108,22,10:00:21,2021/08/22 19:00:19,2021/08/01 13:00:02,2021/08/01 14:00:02,FALSE,2021/08/01 23:59:59,2021/08/01 00:00:00
23,23,1,202108,23,10:00:22,2021/08/23 19:00:19,2021/08/01 13:00:02,2021/08/01 14:00:02,FALSE,2021/08/01 23:59:59,2021/08/01 00:00:00
24,24,1,202108,24,10:00:23,2021/08/24 19:00:19,2021/08/01 13:00:02,2021/08/01 14:00:02,FALSE,2021/08/01 23:59:59,2021/08/01 00:00:00
25,25,1,202108,25,10:00:24,2021/08/25 19:00:19,2021/08/01 13:00:02,2021/08/01 14:00:02,FALSE,2021/08/01 23:59:59,2021/08/01 00:00:00
26,26,1,202108,26,10:00:25,2021/08/26 19:00:19,2021/08/01 13:00:02,2021/08/01 14:00:02,FALSE,2021/08/01 23:59:59,2021/08/01 00:00:00
27,27,1,202108,27,10:00:26,2021/08/27 19:00:19,2021/08/01 13:00:02,2021/08/01 14:00:02,FALSE,2021/08/01 23:59:59,2021/08/01 00:00:00
28,28,1,202108,28,10:00:27,2021/08/28 19:00:19,2021/08/01 13:00:02,2021/08/01 14:00:02,FALSE,2021/08/01 23:59:59,2021/08/01 00:00:00
29,29,1,202108,29,10:00:28,2021/08/29 19:00:19,2021/08/01 13:00:02,2021/08/01 14:00:02,FALSE,2021/08/01 23:59:59,2021/08/01 00:00:00
30,30,1,202108,30,10:00:29,2021/08/30 19:00:19,2021/08/01 13:00:02,2021/08/01 14:00:02,FALSE,2021/08/01 23:59:59,2021/08/01 00:00:00
31,31,2,202108,1,10:00:30,2021/08/1 19:00:19,2021/08/01 13:00:02,2021/08/01 14:00:02,FALSE,2021/08/01 23:59:59,2021/08/01 00:00:00
32,32,3,202108,2,10:00:31,2021/08/2 19:00:19,2021/08/01 13:00:02,2021/08/01 14:00:02,FALSE,2021/08/01 23:59:59,2021/08/01 00:00:00
