_id,addTime,attendanceId,day,deleteFlag,endDateTime,restEndTime,restStartTime,startTime,updateTime,userId,yearMonth
61b9e0790da1c3893c3712ad,1970-01-01T00:00:00.000Z,1,1,false,2021-08-01T10:00:00.000Z,2021-08-01T05:00:00.000Z,2021-08-01T04:00:00.000Z,10,2021-08-01T14:59:59.000Z,1,202108
61b9e0790da1c3893c3712ae,2021-07-31T15:00:00.000Z,2,2,false,2021-08-02T10:00:01.000Z,2021-08-01T05:00:01.000Z,2021-08-01T04:00:01.000Z,10,2021-08-01T14:59:59.000Z,1,202108
61b9e0790da1c3893c3712af,2021-07-31T15:00:00.000Z,3,3,false,2021-08-03T10:00:02.000Z,2021-08-01T05:00:02.000Z,2021-08-01T04:00:02.000Z,10,2021-08-01T14:59:59.000Z,1,202108
61b9e0790da1c3893c3712b0,2021-07-31T15:00:00.000Z,4,4,false,2021-08-04T10:00:03.000Z,2021-08-01T05:00:02.000Z,2021-08-01T04:00:02.000Z,10,2021-08-01T14:59:59.000Z,1,202108
61b9e0790da1c3893c3712b1,2021-07-31T15:00:00.000Z,5,5,false,2021-08-05T10:00:04.000Z,2021-08-01T05:00:02.000Z,2021-08-01T04:00:02.000Z,10,2021-08-01T14:59:59.000Z,1,202108
61b9e0790da1c3893c3712b2,2021-07-31T15:00:00.000Z,6,6,false,2021-08-06T10:00:05.000Z,2021-08-01T05:00:02.000Z,2021-08-01T04:00:02.000Z,10,2021-08-01T14:59:59.000Z,1,202108
61b9e0790da1c3893c3712b3,2021-07-31T15:00:00.000Z,7,7,false,2021-08-07T10:00:06.000Z,2021-08-01T05:00:02.000Z,2021-08-01T04:00:02.000Z,10,2021-08-01T14:59:59.000Z,1,202108
61b9e0790da1c3893c3712b4,2021-07-31T15:00:00.000Z,8,8,false,2021-08-08T10:00:07.000Z,2021-08-01T05:00:02.000Z,2021-08-01T04:00:02.000Z,10,2021-08-01T14:59:59.000Z,1,202108
61b9e0790da1c3893c3712b5,2021-07-31T15:00:00.000Z,9,9,false,2021-08-09T10:00:08.000Z,2021-08-01T05:00:02.000Z,2021-08-01T04:00:02.000Z,10,2021-08-01T14:59:59.000Z,1,202108
61b9e0790da1c3893c3712b6,2021-07-31T15:00:00.000Z,10,10,false,2021-08-10T10:00:09.000Z,2021-08-01T05:00:02.000Z,2021-08-01T04:00:02.000Z,10,2021-08-01T14:59:59.000Z,1,202108
61b9e0790da1c3893c3712b7,2021-07-31T15:00:00.000Z,11,11,false,2021-08-11T10:00:10.000Z,2021-08-01T05:00:02.000Z,2021-08-01T04:00:02.000Z,10,2021-08-01T14:59:59.000Z,1,202108
61b9e0790da1c3893c3712b8,2021-07-31T15:00:00.000Z,12,12,false,2021-08-12T10:00:11.000Z,2021-08-01T05:00:02.000Z,2021-08-01T04:00:02.000Z,10,2021-08-01T14:59:59.000Z,1,202108
61b9e0790da1c3893c3712b9,2021-07-31T15:00:00.000Z,13,13,false,2021-08-13T10:00:12.000Z,2021-08-01T05:00:02.000Z,2021-08-01T04:00:02.000Z,10,2021-08-01T14:59:59.000Z,1,202108
61b9e0790da1c3893c3712ba,2021-07-31T15:00:00.000Z,14,14,false,2021-08-14T10:00:13.000Z,2021-08-01T05:00:02.000Z,2021-08-01T04:00:02.000Z,10,2021-08-01T14:59:59.000Z,1,202108
61b9e0790da1c3893c3712bb,2021-07-31T15:00:00.000Z,15,15,false,2021-08-15T10:00:14.000Z,2021-08-01T05:00:02.000Z,2021-08-01T04:00:02.000Z,10,2021-08-01T14:59:59.000Z,1,202108
61b9e0790da1c3893c3712bc,2021-07-31T15:00:00.000Z,16,16,false,2021-08-16T10:00:15.000Z,2021-08-01T05:00:02.000Z,2021-08-01T04:00:02.000Z,10,2021-08-01T14:59:59.000Z,1,202108
61b9e0790da1c3893c3712bd,2021-07-31T15:00:00.000Z,17,17,false,2021-08-17T10:00:16.000Z,2021-08-01T05:00:02.000Z,2021-08-01T04:00:02.000Z,10,2021-08-01T14:59:59.000Z,1,202108
61b9e0790da1c3893c3712be,2021-07-31T15:00:00.000Z,18,18,false,2021-08-18T10:00:17.000Z,2021-08-01T05:00:02.000Z,2021-08-01T04:00:02.000Z,10,2021-08-01T14:59:59.000Z,1,202108
61b9e0790da1c3893c3712bf,2021-07-31T15:00:00.000Z,19,19,false,2021-08-19T10:00:18.000Z,2021-08-01T05:00:02.000Z,2021-08-01T04:00:02.000Z,10,2021-08-01T14:59:59.000Z,1,202108
61b9e0790da1c3893c3712c0,2021-07-31T15:00:00.000Z,20,20,false,2021-08-20T10:00:19.000Z,2021-08-01T05:00:02.000Z,2021-08-01T04:00:02.000Z,10,2021-08-01T14:59:59.000Z,1,202108
61b9e0790da1c3893c3712c1,2021-07-31T15:00:00.000Z,21,21,false,2021-08-21T10:00:19.000Z,2021-08-01T05:00:02.000Z,2021-08-01T04:00:02.000Z,10,2021-08-01T14:59:59.000Z,1,202108
61b9e0790da1c3893c3712c2,2021-07-31T15:00:00.000Z,22,22,false,2021-08-22T10:00:19.000Z,2021-08-01T05:00:02.000Z,2021-08-01T04:00:02.000Z,10,2021-08-01T14:59:59.000Z,1,202108
61b9e0790da1c3893c3712c3,2021-07-31T15:00:00.000Z,23,23,false,2021-08-23T10:00:19.000Z,2021-08-01T05:00:02.000Z,2021-08-01T04:00:02.000Z,10,2021-08-01T14:59:59.000Z,1,202108
61b9e0790da1c3893c3712c4,2021-07-31T15:00:00.000Z,24,24,false,2021-08-24T10:00:19.000Z,2021-08-01T05:00:02.000Z,2021-08-01T04:00:02.000Z,10,2021-08-01T14:59:59.000Z,1,202108
61b9e0790da1c3893c3712c5,2021-07-31T15:00:00.000Z,25,25,false,2021-08-25T10:00:19.000Z,2021-08-01T05:00:02.000Z,2021-08-01T04:00:02.000Z,10,2021-08-01T14:59:59.000Z,1,202108
61b9e0790da1c3893c3712c6,2021-07-31T15:00:00.000Z,26,26,false,2021-08-26T10:00:19.000Z,2021-08-01T05:00:02.000Z,2021-08-01T04:00:02.000Z,10,2021-08-01T14:59:59.000Z,1,202108
61b9e0790da1c3893c3712c7,2021-07-31T15:00:00.000Z,27,27,false,2021-08-27T10:00:19.000Z,2021-08-01T05:00:02.000Z,2021-08-01T04:00:02.000Z,10,2021-08-01T14:59:59.000Z,1,202108
61b9e0790da1c3893c3712c8,2021-07-31T15:00:00.000Z,28,28,false,2021-08-28T10:00:19.000Z,2021-08-01T05:00:02.000Z,2021-08-01T04:00:02.000Z,10,2021-08-01T14:59:59.000Z,1,202108
61b9e0790da1c3893c3712c9,2021-07-31T15:00:00.000Z,29,29,false,2021-08-29T10:00:19.000Z,2021-08-01T05:00:02.000Z,2021-08-01T04:00:02.000Z,10,2021-08-01T14:59:59.000Z,1,202108
61b9e0790da1c3893c3712ca,2021-07-31T15:00:00.000Z,30,30,false,2021-08-30T10:00:19.000Z,2021-08-01T05:00:02.000Z,2021-08-01T04:00:02.000Z,10,2021-08-01T14:59:59.000Z,1,202108
61b9e0790da1c3893c3712cb,2021-07-31T15:00:00.000Z,31,1,false,2021-08-01T10:00:19.000Z,2021-08-01T05:00:02.000Z,2021-08-01T04:00:02.000Z,10,2021-08-01T14:59:59.000Z,2,202108
61b9e0790da1c3893c3712cc,2021-07-31T15:00:00.000Z,32,2,false,2021-08-02T10:00:19.000Z,2021-08-01T05:00:02.000Z,2021-08-01T04:00:02.000Z,10,2021-08-01T14:59:59.000Z,3,202108